TRUE_STRAIN,TRUE_STRESS,PRED_TRUE_STRESS
0.0,0.0,-1.4210854715202004e-14
0.01,16.105224016224604,16.105224016224597
0.02,32.21044803244921,32.21044803244921
0.030000000000000002,48.31567204867382,48.31567204867382
0.04,64.42089606489841,64.42089606489843
0.05,80.52612008112303,80.52612008112304
